{
  "accuracy": [
    0.6677438020706177,
    0.7394242286682129,
    0.7297297120094299,
    0.7353113889694214,
    0.7394242286682129,
    0.7464747428894043,
    0.7358989715576172,
    0.7405992746353149,
    0.7447121143341064,
    0.7464747428894043,
    0.7547003626823425,
    0.7488248944282532,
    0.7491186857223511,
    0.75,
    0.7561691999435425,
    0.7544065713882446,
    0.7561691999435425,
    0.7646886110305786,
    0.7632197141647339,
    0.761457085609436,
    0.7767332792282104,
    0.7740893363952637,
    0.7735017538070679,
    0.7737955451011658,
    0.7905405163764954,
    0.7917156219482422,
    0.7873090505599976,
    0.7923031449317932,
    0.7964159846305847,
    0.8111045956611633,
    0.8028789758682251,
    0.803760290145874,
    0.805229127407074,
    0.8169800043106079,
    0.826380729675293,
    0.8384253978729248,
    0.8337250351905823,
    0.8416568636894226,
    0.8425381779670715,
    0.8457697033882141,
    0.8566392660140991,
    0.8534077405929565,
    0.8578143119812012,
    0.8639835715293884,
    0.8648648858070374,
    0.8619271516799927,
    0.8651586174964905,
    0.869858980178833,
    0.8654524087905884,
    0.8722091913223267,
    0.8657462000846863,
    0.8719154000282288
  ],
  "loss": [
    0.9484853744506836,
    0.8432645797729492,
    0.8282657265663147,
    0.8032911419868469,
    0.7914011478424072,
    0.7815132737159729,
    0.7751816511154175,
    0.7641440033912659,
    0.7530202865600586,
    0.7491082549095154,
    0.7335850596427917,
    0.7364506721496582,
    0.7301709055900574,
    0.7294929623603821,
    0.6984626650810242,
    0.6964008212089539,
    0.6921297311782837,
    0.6744951605796814,
    0.6737392544746399,
    0.6734389066696167,
    0.6499678492546082,
    0.6464657187461853,
    0.63401198387146,
    0.6478404402732849,
    0.6186235547065735,
    0.6147626638412476,
    0.6068387031555176,
    0.5971845984458923,
    0.5926940441131592,
    0.5638189911842346,
    0.5639952421188354,
    0.5626956820487976,
    0.5638163685798645,
    0.5298817157745361,
    0.518917441368103,
    0.4863035976886749,
    0.5028706789016724,
    0.48348623514175415,
    0.4754945933818817,
    0.46508175134658813,
    0.4345299303531647,
    0.45104941725730896,
    0.4303313195705414,
    0.4243473410606384,
    0.42670562863349915,
    0.4249343276023865,
    0.4110020399093628,
    0.40486031770706177,
    0.4067094624042511,
    0.39738088846206665,
    0.4046960771083832,
    0.39322325587272644
  ],
  "val_accuracy": [
    0.7253521084785461,
    0.7147887349128723,
    0.7053990364074707,
    0.7089201807975769,
    0.7183098793029785,
    0.7253521084785461,
    0.7276995182037354,
    0.7124413251876831,
    0.7276995182037354,
    0.7241784334182739,
    0.7218309640884399,
    0.73591548204422,
    0.7312206625938416,
    0.7194835543632507,
    0.7159624695777893,
    0.7206572890281677,
    0.7382628917694092,
    0.73591548204422,
    0.7441314458847046,
    0.7394366264343262,
    0.7441314458847046,
    0.7288732528686523,
    0.7429577708244324,
    0.7394366264343262,
    0.7605633735656738,
    0.7453051805496216,
    0.7617371082305908,
    0.7558685541152954,
    0.7652581930160522,
    0.7652581930160522,
    0.7676056623458862,
    0.7558685541152954,
    0.7652581930160522,
    0.7687793374061584,
    0.7652581930160522,
    0.751173734664917,
    0.75,
    0.7476525902748108,
    0.7476525902748108,
    0.7535211443901062,
    0.7605633735656738,
    0.7558685541152954,
    0.7535211443901062,
    0.7570422291755676,
    0.7593896985054016,
    0.7593896985054016,
    0.76408451795578,
    0.7593896985054016,
    0.7617371082305908,
    0.762910783290863,
    0.7676056623458862,
    0.7664319276809692
  ],
  "val_loss": [
    0.5435205698013306,
    0.5484565496444702,
    0.5580213069915771,
    0.5520576238632202,
    0.5356572866439819,
    0.5283276438713074,
    0.5257899761199951,
    0.5399603247642517,
    0.524668276309967,
    0.5264630913734436,
    0.5287089347839355,
    0.5055583715438843,
    0.5024014115333557,
    0.5107691287994385,
    0.5120664238929749,
    0.49824419617652893,
    0.47539082169532776,
    0.47171393036842346,
    0.4638669788837433,
    0.47572341561317444,
    0.46446549892425537,
    0.48655256628990173,
    0.4694504737854004,
    0.4673685133457184,
    0.45174354314804077,
    0.4633710980415344,
    0.43809249997138977,
    0.45821359753608704,
    0.440174400806427,
    0.4476390480995178,
    0.4516429603099823,
    0.4728570580482483,
    0.4552129805088043,
    0.46096786856651306,
    0.4822191298007965,
    0.5137563347816467,
    0.5411627888679504,
    0.5465202331542969,
    0.5304002165794373,
    0.538922905921936,
    0.5414053797721863,
    0.5475611686706543,
    0.5569323897361755,
    0.5383175015449524,
    0.544460654258728,
    0.5412656664848328,
    0.5413072109222412,
    0.5408812165260315,
    0.5542050004005432,
    0.5557693243026733,
    0.5568444132804871,
    0.5548319816589355
  ],
  "learning_rate": [
    0.000699999975040555,
    0.000699999975040555,
    0.000699999975040555,
    0.000699999975040555,
    0.000699999975040555,
    0.000699999975040555,
    0.000699999975040555,
    0.000699999975040555,
    0.000699999975040555,
    0.000699999975040555,
    0.000699999975040555,
    0.000699999975040555,
    0.000699999975040555,
    0.000699999975040555,
    0.000699999975040555,
    0.000699999975040555,
    0.000699999975040555,
    0.000699999975040555,
    0.000699999975040555,
    0.000699999975040555,
    0.000699999975040555,
    0.000699999975040555,
    0.000699999975040555,
    0.000699999975040555,
    0.000699999975040555,
    0.000699999975040555,
    0.000699999975040555,
    0.000699999975040555,
    0.000699999975040555,
    0.000699999975040555,
    0.000699999975040555,
    0.000699999975040555,
    0.000699999975040555,
    0.000699999975040555,
    0.000699999975040555,
    0.00024500000290572643,
    0.00024500000290572643,
    0.00024500000290572643,
    0.00024500000290572643,
    0.00024500000290572643,
    0.00024500000290572643,
    0.00024500000290572643,
    0.00024500000290572643,
    8.57499981066212e-05,
    8.57499981066212e-05,
    8.57499981066212e-05,
    8.57499981066212e-05,
    8.57499981066212e-05,
    8.57499981066212e-05,
    8.57499981066212e-05,
    8.57499981066212e-05,
    3.0012499337317422e-05
  ]
}